link,id,title
/sby/npo/5541047314.html,5541047314,Resident Counselor for Adolescent Group Home
/sby/npo/5541044792.html,5541044792,TBS SUPPORT COUNSELOR
/sfc/npo/5541042538.html,5541042538,C-Wages Project Coordinator
/sby/npo/5541042298.html,5541042298,MENTAL HEALTH SPECIALIST - STARLIGHT COMMUNITY SERVICES
/sby/npo/5541039088.html,5541039088,CARE COORDINATOR II
/sby/npo/5541033965.html,5541033965,Crisis Residential Specialist -
/sfc/npo/5541025233.html,5541025233,2 Bilingual Openings: Family Subsidy Specialist (Bilingual Cantonese)
/pen/npo/5541021454.html,5541021454,Adult Care Position - San Mateo
/nby/npo/5541018122.html,5541018122,Chief Operating Officer - Osher Marin JCC
/eby/npo/5541013459.html,5541013459,Child Care Worker
/pen/npo/5540994949.html,5540994949,Job Coach (Individual Placement)
/pen/npo/5540993869.html,5540993869,LaSelva Group Clinician I
/pen/npo/5540993490.html,5540993490,"Manager of Data, Systems, and Analysis"
/eby/npo/5540990866.html,5540990866,Social Worker (MA required)
/sby/npo/5540984904.html,5540984904,Licensed Psychiatric Technician I -Residential
/pen/npo/5540977701.html,5540977701,Group Job Coach (Marriott Hotel or Bon Appetit)
/pen/npo/5540975683.html,5540975683,Clinician I - On Call/Per Diem (La Selva Group)
/sby/npo/5540972495.html,5540972495,Day Rehabilitation Services Specialist II
/sby/npo/5540959565.html,5540959565,Psychiatric Nurse Practitioner
/sby/npo/5540948472.html,5540948472,Bridge Recovery Specialist - Per Diem -Crosssroads
/nby/npo/5540944178.html,5540944178,Nurse Consultant
/eby/npo/5540936760.html,5540936760,Blacktivism Matters!! Help Fight Racism in the Bay! (POC encouraged)
/eby/npo/5540930441.html,5540930441,Recycling/E-waste Supervisor
/sby/npo/5540928015.html,5540928015,Registered Nurse - Crossroads
/pen/npo/5540914475.html,5540914475,Clinician I - FSP-90
/eby/npo/5540905095.html,5540905095,Outreach Associate (Bilingual)
/sby/npo/5540895969.html,5540895969,Psychiatrist - SIGN ON BONUS AVAILABLE
/eby/npo/5540895832.html,5540895832,Research Assistant II (2016-13)
/sfc/npo/5540872547.html,5540872547,Boys & Girls Clubs of San Francisco - Dir of Learning & Development
/eby/npo/5540863241.html,5540863241,Behavioral Support Counselor
/eby/npo/5540841800.html,5540841800,Instructor - Upward Bound
/eby/npo/5540827017.html,5540827017,Clinical Social Worker
/pen/npo/5540816106.html,5540816106,"Administrative Coordinator, Development Team"
/sby/npo/5540797232.html,5540797232,Director of Social Services
/pen/npo/5540784055.html,5540784055,Manager of Visitor Services
/sby/npo/5540765441.html,5540765441,Clinician II (On-call) Residential Program for Children
/sfc/npo/5540763363.html,5540763363,CAMPAIGN JOBS FOR HEALTHCARE AND EDUCATION $15-$17/hr
/eby/npo/5540763209.html,5540763209,Financial Services Coordinator
/eby/npo/5540739556.html,5540739556,Family Support Program Hotline Manager
/sby/npo/5540734154.html,5540734154,ASD Behavior Technician I (part-time)
/nby/npo/5540722294.html,5540722294,Kennel Technician (Part-time)
/eby/npo/5540722034.html,5540722034,"Administrative Associate, CPCB - Temporary"
/eby/npo/5540713339.html,5540713339,Families in Transition Clinical Program Manager
/eby/npo/5540653006.html,5540653006,"Personal Attendant Position - Concord, CA"
/eby/npo/5540636545.html,5540636545,Adult Care - Brentwood
/eby/npo/5540630347.html,5540630347,Work for Amnesty International! Help Protect Human Rights!!!
/sby/npo/5540602795.html,5540602795,Clinician II (Bilingual: English/Spanish) - Youth & Family
/nby/npo/5540602528.html,5540602528,Interim Clinical Director (3-6 months)
/nby/npo/5540594885.html,5540594885,ASSOCIATE TEACHERS for Preschool/Child Development Centers
/sby/npo/5540592483.html,5540592483,Clinician 2 -- Support and Enhancement Services (SES)/TBS
/sby/npo/5540587362.html,5540587362,Case Manager II Residential Services Bilingual: Eng/Spanish DESIRED!
/nby/npo/5540572152.html,5540572152,"Administrative Assistant, part-time"
/nby/npo/5540565578.html,5540565578,"Housekeeper, part-time, temp. hire through 8/11/16"
/nby/npo/5540554308.html,5540554308,Boys & Girls Clubs Summer Camp Program Coordinator
/sby/npo/5540544008.html,5540544008,Clinician 2 - Intensive Outpatient Program (IOP)
/sfc/npo/5540535144.html,5540535144,Internships with Common Sense (Multiple Opportunities Available)
/eby/npo/5540484318.html,5540484318,★CAMPAIGN JOBS★ MAKE A POSITIVE IMPACT ON THE WORLD! - $13-$17/HR
/eby/npo/5540478607.html,5540478607,Blueprint Fellowship (K-12 Education)
/eby/npo/5540453464.html,5540453464,Developmental Supervisor
/eby/npo/5540437447.html,5540437447,"Intervention Specialist (PT) Alameda, Contra Costa & Solano"
/sfc/npo/5540422481.html,5540422481,COUNSELOR/JOB COACH - Developmentally Disabled Adults
/nby/npo/5540390607.html,5540390607,Licensed Clinician - Outpatient Program
/nby/npo/5540388811.html,5540388811,Alcohol and Drug Counselor - Outpatient Program
/eby/npo/5540386883.html,5540386883,Volunteer Specialist
/nby/npo/5540386839.html,5540386839,Clinic Support Staff - Methadone Maintenance & Detoxification Program
/eby/npo/5540385724.html,5540385724,Organize for Change! Fight Global Warming with the Fund! Avg $10-15/hr
/nby/npo/5540383188.html,5540383188,Alcohol and Drug Counselor -- Methadone Program -- Center Point DAAC
/nby/npo/5540378316.html,5540378316,Alcohol and Other Drug Counselor - Residential Program
/nby/npo/5540373602.html,5540373602,Program Manager
/sfc/npo/5540347824.html,5540347824,Executive Director
/eby/npo/5540331863.html,5540331863,SUPPORTING PEOPLE WITH DEVELOPMENTAL DISABILITIES
/eby/npo/5540315973.html,5540315973,BAY AREA CRISIS NURSERY - Childcare Facility Shift Manager Needed
/sby/npo/5540235207.html,5540235207,Assistant Resident Services Coordinator
/pen/npo/5539962681.html,5539962681,Parish Administrator for Episcopal Church
/sfc/npo/5539757823.html,5539757823,Case Manager - New Beginnings Program
/sfc/npo/5539668764.html,5539668764,ASSOCIATE PROGRAM MANAGER /COORDINATED ENTRY ST28
/sfc/npo/5539663429.html,5539663429,Property Management Assistant
/sfc/npo/5539628971.html,5539628971,Administrative / Executive Assistant
/sfc/npo/5539628172.html,5539628172,Professional Parent- Support youth!
/eby/npo/5539611447.html,5539611447,Clinical Supervisor - Children's Mental Health Agency
/nby/npo/5539609846.html,5539609846,"Adult Day Service Assistant, Santa Rosa"
/eby/npo/5539609760.html,5539609760,Children's Service Provider - Project Independence
/eby/npo/5539606984.html,5539606984,Classroom Therapist - Children's Mental Health Agency
/eby/npo/5539605860.html,5539605860,Academic Support Specialist
/eby/npo/5539590441.html,5539590441,Maintenance Technician
/sfc/npo/5539586860.html,5539586860,Bilingual Behavioral Coach - Support youth and families!
/eby/npo/5539584877.html,5539584877,Clinician - Intensive Case Management
/eby/npo/5539582604.html,5539582604,Personal Services Coordinator - Support youth in crisis!
/scz/npo/5539580504.html,5539580504,"Social Worker -Case manager, counselor"
/nby/npo/5539579683.html,5539579683,Youth Counselor - Work with youth in the community!
/sfc/npo/5539577418.html,5539577418,Resident Administrator
/sfc/npo/5539575962.html,5539575962,Summer Program Teacher
/sby/npo/5539575314.html,5539575314,Job Coach
/nby/npo/5539575227.html,5539575227,Program Assistant/Health Information Specialist - Children's Nonprofit
/eby/npo/5539574119.html,5539574119,Health Information Specialist - Admin Support for Children's Nonprofit
/eby/npo/5539570255.html,5539570255,PERSONAL SERVICES COORDINATOR - ASW or MFTi license required
/sfc/npo/5539566278.html,5539566278,Clinical Director
/eby/npo/5539565400.html,5539565400,Social Service Coordinator - FT + Benefits
/sfc/npo/5539561193.html,5539561193,Ombudsman Specialist (Cantonese/Mandarin)
/eby/npo/5539559535.html,5539559535,PERSONAL SERVICES COORDINATOR - ASW or MFTi license required
